{
    "training_r2_score": 0.9974672244740102,
    "mae": 1104.7947742478798,
    "rmse": 2780.34867554785,
    "r2_score": 0.9849924079637727
}
