{
    "training_r2_score": 0.9807388964080979,
    "mae": 1889.9495413455345,
    "rmse": 3904.9766336811213,
    "r2_score": 0.9703960700062353
}
