{
    "training_r2_score": 0.9112680915890498,
    "mae": 4556.010307017711,
    "rmse": 6737.052613992841,
    "r2_score": 0.9118844882965071
}
